component,location,carrier,0
StorageUnit,AL0 0,hydro,0.36789947359082037
StorageUnit,AT0 0,PHS,0.2159079309109422
StorageUnit,AT0 0,hydro,0.4665376304811262
StorageUnit,BA0 0,PHS,0.004199636363636364
StorageUnit,BA0 0,hydro,0.4135923766563293
StorageUnit,BE0 0,PHS,0.010159418960244648
StorageUnit,BE0 0,hydro,0.46323357938765686
StorageUnit,BG0 0,PHS,0.10551696759259259
StorageUnit,BG0 0,hydro,0.20096935287823223
StorageUnit,CH0 0,PHS,0.07998030171021331
StorageUnit,CH0 0,hydro,0.24363388453539928
StorageUnit,CZ0 0,PHS,0.005876633087790648
StorageUnit,CZ0 0,hydro,0.38639850076651167
StorageUnit,DE0 0,PHS,0.007548710601719198
StorageUnit,DE0 1,PHS,0.008503398043065803
StorageUnit,ES0 0,PHS,0.21673296125147531
StorageUnit,ES0 0,hydro,0.24467495615756832
StorageUnit,ES6 0,PHS,0.07458370737394346
StorageUnit,ES6 0,hydro,0.24434224873563043
StorageUnit,FI1 0,hydro,0.4892198804440649
StorageUnit,FR0 0,PHS,0.03995639287283005
StorageUnit,FR0 0,hydro,0.46064524181173494
StorageUnit,FR5 0,hydro,0.45776260482715864
StorageUnit,GB3 0,PHS,0.04072725
StorageUnit,GB3 0,hydro,0.11737187358916477
StorageUnit,GR0 0,PHS,0.027460457796852644
StorageUnit,GR0 0,hydro,0.24263760327357753
StorageUnit,HR0 0,PHS,0.10621314611314611
StorageUnit,HR0 0,hydro,0.5046081791844677
StorageUnit,HU0 0,hydro,0.4036146428571428
StorageUnit,IE3 0,PHS,0.020634591836734696
StorageUnit,IE3 0,hydro,0.20294
StorageUnit,IT0 0,PHS,0.10219319450821251
StorageUnit,IT0 0,hydro,0.44376880375293193
StorageUnit,IT4 0,PHS,0.04810810975609756
StorageUnit,IT4 0,hydro,0.4139460784313725
StorageUnit,LT0 0,PHS,0.034137299999999995
StorageUnit,LU0 0,PHS,0.012811375579598144
StorageUnit,ME0 0,PHS,0.025378078175895765
StorageUnit,ME0 0,hydro,0.561504546890808
StorageUnit,MK0 0,hydro,0.27442180592991916
StorageUnit,NO1 0,PHS,0.2683061886470337
StorageUnit,NO1 0,hydro,0.406794434121896
StorageUnit,PL0 0,PHS,0.019159595761381473
StorageUnit,PL0 0,hydro,0.7360231290350376
StorageUnit,PT0 0,PHS,0.17450709915880705
StorageUnit,PT0 0,hydro,0.32055856152900414
StorageUnit,RO0 0,hydro,0.1924803413079727
StorageUnit,RS0 0,PHS,0.020782117263843648
StorageUnit,RS0 0,hydro,0.41245641058093907
StorageUnit,SE1 0,PHS,0.3076677173913044
StorageUnit,SE1 0,hydro,0.4724188354864764
StorageUnit,SI0 0,PHS,0.026942499999999998
StorageUnit,SI0 0,hydro,0.4291489092139745
StorageUnit,SK0 0,PHS,0.01899044400136167
StorageUnit,SK0 0,hydro,0.2906881728045326
StorageUnit,XK0 0,hydro,0.19419571428571428
Load,AL0 0,electricity,
Load,AL0 0,land transport EV,
Load,AL0 0,residential rural heat,
Load,AL0 0,residential urban decentral heat,
Load,AL0 0,services rural heat,
Load,AL0 0,services urban decentral heat,
Load,AL0 0,urban central heat,
Load,AT0 0,electricity,
Load,AT0 0,land transport EV,
Load,AT0 0,residential rural heat,
Load,AT0 0,residential urban decentral heat,
Load,AT0 0,services rural heat,
Load,AT0 0,services urban decentral heat,
Load,AT0 0,urban central heat,
Load,BA0 0,electricity,
Load,BA0 0,land transport EV,
Load,BA0 0,residential rural heat,
Load,BA0 0,residential urban decentral heat,
Load,BA0 0,services rural heat,
Load,BA0 0,services urban decentral heat,
Load,BA0 0,urban central heat,
Load,BE0 0,electricity,
Load,BE0 0,land transport EV,
Load,BE0 0,residential rural heat,
Load,BE0 0,residential urban decentral heat,
Load,BE0 0,services rural heat,
Load,BE0 0,services urban decentral heat,
Load,BE0 0,urban central heat,
Load,BG0 0,electricity,
Load,BG0 0,land transport EV,
Load,BG0 0,residential rural heat,
Load,BG0 0,residential urban decentral heat,
Load,BG0 0,services rural heat,
Load,BG0 0,services urban decentral heat,
Load,BG0 0,urban central heat,
Load,CH0 0,electricity,
Load,CH0 0,land transport EV,
Load,CH0 0,residential rural heat,
Load,CH0 0,residential urban decentral heat,
Load,CH0 0,services rural heat,
Load,CH0 0,services urban decentral heat,
Load,CH0 0,urban central heat,
Load,CZ0 0,electricity,
Load,CZ0 0,land transport EV,
Load,CZ0 0,residential rural heat,
Load,CZ0 0,residential urban decentral heat,
Load,CZ0 0,services rural heat,
Load,CZ0 0,services urban decentral heat,
Load,CZ0 0,urban central heat,
Load,DE0 0,electricity,
Load,DE0 0,land transport EV,
Load,DE0 0,residential rural heat,
Load,DE0 0,residential urban decentral heat,
Load,DE0 0,services rural heat,
Load,DE0 0,services urban decentral heat,
Load,DE0 0,urban central heat,
Load,DE0 1,electricity,
Load,DE0 1,land transport EV,
Load,DE0 1,residential rural heat,
Load,DE0 1,residential urban decentral heat,
Load,DE0 1,services rural heat,
Load,DE0 1,services urban decentral heat,
Load,DE0 1,urban central heat,
Load,DK0 0,electricity,
Load,DK0 0,land transport EV,
Load,DK0 0,residential rural heat,
Load,DK0 0,residential urban decentral heat,
Load,DK0 0,services rural heat,
Load,DK0 0,services urban decentral heat,
Load,DK0 0,urban central heat,
Load,DK1 0,electricity,
Load,DK1 0,land transport EV,
Load,DK1 0,residential rural heat,
Load,DK1 0,residential urban decentral heat,
Load,DK1 0,services rural heat,
Load,DK1 0,services urban decentral heat,
Load,DK1 0,urban central heat,
Load,EE0 0,electricity,
Load,EE0 0,land transport EV,
Load,EE0 0,residential rural heat,
Load,EE0 0,residential urban decentral heat,
Load,EE0 0,services rural heat,
Load,EE0 0,services urban decentral heat,
Load,EE0 0,urban central heat,
Load,ES0 0,electricity,
Load,ES0 0,land transport EV,
Load,ES0 0,residential rural heat,
Load,ES0 0,residential urban decentral heat,
Load,ES0 0,services rural heat,
Load,ES0 0,services urban decentral heat,
Load,ES0 0,urban central heat,
Load,ES6 0,electricity,
Load,ES6 0,land transport EV,
Load,ES6 0,residential rural heat,
Load,ES6 0,residential urban decentral heat,
Load,ES6 0,services rural heat,
Load,ES6 0,services urban decentral heat,
Load,ES6 0,urban central heat,
Load,FI1 0,electricity,
Load,FI1 0,land transport EV,
Load,FI1 0,residential rural heat,
Load,FI1 0,residential urban decentral heat,
Load,FI1 0,services rural heat,
Load,FI1 0,services urban decentral heat,
Load,FI1 0,urban central heat,
Load,FR0 0,electricity,
Load,FR0 0,land transport EV,
Load,FR0 0,residential rural heat,
Load,FR0 0,residential urban decentral heat,
Load,FR0 0,services rural heat,
Load,FR0 0,services urban decentral heat,
Load,FR0 0,urban central heat,
Load,FR5 0,electricity,
Load,FR5 0,land transport EV,
Load,FR5 0,residential rural heat,
Load,FR5 0,residential urban decentral heat,
Load,FR5 0,services rural heat,
Load,FR5 0,services urban decentral heat,
Load,GB2 0,electricity,
Load,GB2 0,land transport EV,
Load,GB2 0,residential rural heat,
Load,GB2 0,residential urban decentral heat,
Load,GB2 0,services rural heat,
Load,GB2 0,services urban decentral heat,
Load,GB2 0,urban central heat,
Load,GB3 0,electricity,
Load,GB3 0,land transport EV,
Load,GB3 0,residential rural heat,
Load,GB3 0,residential urban decentral heat,
Load,GB3 0,services rural heat,
Load,GB3 0,services urban decentral heat,
Load,GB3 0,urban central heat,
Load,GR0 0,electricity,
Load,GR0 0,land transport EV,
Load,GR0 0,residential rural heat,
Load,GR0 0,residential urban decentral heat,
Load,GR0 0,services rural heat,
Load,GR0 0,services urban decentral heat,
Load,GR0 0,urban central heat,
Load,HR0 0,electricity,
Load,HR0 0,land transport EV,
Load,HR0 0,residential rural heat,
Load,HR0 0,residential urban decentral heat,
Load,HR0 0,services rural heat,
Load,HR0 0,services urban decentral heat,
Load,HR0 0,urban central heat,
Load,HU0 0,electricity,
Load,HU0 0,land transport EV,
Load,HU0 0,residential rural heat,
Load,HU0 0,residential urban decentral heat,
Load,HU0 0,services rural heat,
Load,HU0 0,services urban decentral heat,
Load,HU0 0,urban central heat,
Load,IE3 0,electricity,
Load,IE3 0,land transport EV,
Load,IE3 0,residential rural heat,
Load,IE3 0,residential urban decentral heat,
Load,IE3 0,services rural heat,
Load,IE3 0,services urban decentral heat,
Load,IE3 0,urban central heat,
Load,IT0 0,electricity,
Load,IT0 0,land transport EV,
Load,IT0 0,residential rural heat,
Load,IT0 0,residential urban decentral heat,
Load,IT0 0,services rural heat,
Load,IT0 0,services urban decentral heat,
Load,IT0 0,urban central heat,
Load,IT4 0,electricity,
Load,IT4 0,land transport EV,
Load,IT4 0,residential rural heat,
Load,IT4 0,residential urban decentral heat,
Load,IT4 0,services rural heat,
Load,IT4 0,services urban decentral heat,
Load,IT4 0,urban central heat,
Load,LT0 0,electricity,
Load,LT0 0,land transport EV,
Load,LT0 0,residential rural heat,
Load,LT0 0,residential urban decentral heat,
Load,LT0 0,services rural heat,
Load,LT0 0,services urban decentral heat,
Load,LT0 0,urban central heat,
Load,LU0 0,electricity,
Load,LU0 0,land transport EV,
Load,LU0 0,residential rural heat,
Load,LU0 0,residential urban decentral heat,
Load,LU0 0,services rural heat,
Load,LU0 0,services urban decentral heat,
Load,LU0 0,urban central heat,
Load,LV0 0,electricity,
Load,LV0 0,land transport EV,
Load,LV0 0,residential rural heat,
Load,LV0 0,residential urban decentral heat,
Load,LV0 0,services rural heat,
Load,LV0 0,services urban decentral heat,
Load,LV0 0,urban central heat,
Load,ME0 0,electricity,
Load,ME0 0,land transport EV,
Load,ME0 0,residential rural heat,
Load,ME0 0,residential urban decentral heat,
Load,ME0 0,services rural heat,
Load,ME0 0,services urban decentral heat,
Load,ME0 0,urban central heat,
Load,MK0 0,electricity,
Load,MK0 0,land transport EV,
Load,MK0 0,residential rural heat,
Load,MK0 0,residential urban decentral heat,
Load,MK0 0,services rural heat,
Load,MK0 0,services urban decentral heat,
Load,MK0 0,urban central heat,
Load,NL0 0,electricity,
Load,NL0 0,land transport EV,
Load,NL0 0,residential rural heat,
Load,NL0 0,residential urban decentral heat,
Load,NL0 0,services rural heat,
Load,NL0 0,services urban decentral heat,
Load,NL0 0,urban central heat,
Load,NO1 0,electricity,
Load,NO1 0,land transport EV,
Load,NO1 0,residential rural heat,
Load,NO1 0,residential urban decentral heat,
Load,NO1 0,services rural heat,
Load,NO1 0,services urban decentral heat,
Load,NO1 0,urban central heat,
Load,PL0 0,electricity,
Load,PL0 0,land transport EV,
Load,PL0 0,residential rural heat,
Load,PL0 0,residential urban decentral heat,
Load,PL0 0,services rural heat,
Load,PL0 0,services urban decentral heat,
Load,PL0 0,urban central heat,
Load,PT0 0,electricity,
Load,PT0 0,land transport EV,
Load,PT0 0,residential rural heat,
Load,PT0 0,residential urban decentral heat,
Load,PT0 0,services rural heat,
Load,PT0 0,services urban decentral heat,
Load,PT0 0,urban central heat,
Load,RO0 0,electricity,
Load,RO0 0,land transport EV,
Load,RO0 0,residential rural heat,
Load,RO0 0,residential urban decentral heat,
Load,RO0 0,services rural heat,
Load,RO0 0,services urban decentral heat,
Load,RO0 0,urban central heat,
Load,RS0 0,electricity,
Load,RS0 0,land transport EV,
Load,RS0 0,residential rural heat,
Load,RS0 0,residential urban decentral heat,
Load,RS0 0,services rural heat,
Load,RS0 0,services urban decentral heat,
Load,RS0 0,urban central heat,
Load,SE1 0,electricity,
Load,SE1 0,land transport EV,
Load,SE1 0,residential rural heat,
Load,SE1 0,residential urban decentral heat,
Load,SE1 0,services rural heat,
Load,SE1 0,services urban decentral heat,
Load,SE1 0,urban central heat,
Load,SI0 0,electricity,
Load,SI0 0,land transport EV,
Load,SI0 0,residential rural heat,
Load,SI0 0,residential urban decentral heat,
Load,SI0 0,services rural heat,
Load,SI0 0,services urban decentral heat,
Load,SI0 0,urban central heat,
Load,SK0 0,electricity,
Load,SK0 0,land transport EV,
Load,SK0 0,residential rural heat,
Load,SK0 0,residential urban decentral heat,
Load,SK0 0,services rural heat,
Load,SK0 0,services urban decentral heat,
Load,SK0 0,urban central heat,
Load,XK0 0,electricity,
Load,XK0 0,land transport EV,
Load,XK0 0,residential rural heat,
Load,XK0 0,residential urban decentral heat,
Load,XK0 0,services rural heat,
Load,XK0 0,services urban decentral heat,
Load,XK0 0,urban central heat,
Line,AL0 0,AC,0.3726040983584481
Line,AT0 0,AC,0.32847917355373235
Line,BA0 0,AC,0.28355046061198563
Line,BE0 0,AC,0.33044714870207537
Line,BG0 0,AC,0.42776550354873044
Line,CH0 0,AC,0.3492578676443378
Line,CZ0 0,AC,0.18225239487315661
Line,DE0 0,AC,0.33404273247245764
Line,DE0 1,AC,0.3868441121587165
Line,DK1 0,AC,0.5380291160924325
Line,EE0 0,AC,0.4044998397874729
Line,ES0 0,AC,0.5219578116091085
Line,FI1 0,AC,0.3226040276433133
Line,FR0 0,AC,0.3181137475156562
Line,GB3 0,AC,0.34383532029291275
Line,GR0 0,AC,0.5215523408158393
Line,HR0 0,AC,0.17524054473254325
Line,HU0 0,AC,0.19569128273912229
Line,IT0 0,AC,0.5144621595383966
Line,LT0 0,AC,0.414678056894808
Line,ME0 0,AC,0.3207143475376068
Line,MK0 0,AC,0.48017217023680414
Line,NO1 0,AC,0.20272022963740954
Line,PL0 0,AC,0.20861192159894115
Line,RO0 0,AC,0.2781148608461992
Line,RS0 0,AC,0.3974028079030048
Generator,AL0 0,load,0.0
Generator,AL0 0,offwind-ac,0.21609332822466193
Generator,AL0 0,offwind-dc,0.2593196580852349
Generator,AL0 0,onwind,0.03352666572358184
Generator,AL0 0,ror,0.36118360995850624
Generator,AL0 0,solar,0.09053748477996172
Generator,AL0 0,solar rooftop,0.08855688910225637
Generator,AL0 0,solar-hsat,0.109377998300392
Generator,AT0 0,load,0.0
Generator,AT0 0,onwind,0.06970271979759646
Generator,AT0 0,ror,0.49843104097968594
Generator,AT0 0,solar,0.12084230773869692
Generator,AT0 0,solar rooftop,0.11556466597121379
Generator,AT0 0,solar-hsat,0.08430342508930447
Generator,BA0 0,load,0.0
Generator,BA0 0,offwind-ac,0.08729139922978177
Generator,BA0 0,onwind,0.024881811395869622
Generator,BA0 0,solar,0.08340004366494433
Generator,BA0 0,solar rooftop,0.0805918390937464
Generator,BA0 0,solar-hsat,0.09824121887622066
Generator,BE0 0,load,0.0
Generator,BE0 0,offwind-ac,0.5149208690333849
Generator,BE0 0,offwind-dc,0.5544112929915986
Generator,BE0 0,onwind,0.17956753368849893
Generator,BE0 0,ror,0.5435725694370311
Generator,BE0 0,solar,0.0652601358279352
Generator,BE0 0,solar rooftop,0.05914380520633734
Generator,BE0 0,solar-hsat,0.07620555147266664
Generator,BG0 0,load,0.0
Generator,BG0 0,offwind-ac,0.17332115879472068
Generator,BG0 0,offwind-dc,0.25834967545317317
Generator,BG0 0,onwind,0.07116255661801711
Generator,BG0 0,ror,0.2075024456521739
Generator,BG0 0,solar,0.08172138420585626
Generator,BG0 0,solar rooftop,0.0842042117892211
Generator,BG0 0,solar-hsat,0.09692943147722402
Generator,CH0 0,load,0.0
Generator,CH0 0,onwind,0.021307331166486098
Generator,CH0 0,ror,0.27015565858332974
Generator,CH0 0,solar,0.13952015965538986
Generator,CH0 0,solar rooftop,0.1393925158779417
Generator,CH0 0,solar-hsat,0.09958151256618343
Generator,CZ0 0,load,0.0
Generator,CZ0 0,onwind,0.09104497893735562
Generator,CZ0 0,ror,0.3954131592253641
Generator,CZ0 0,solar,0.0591699604743083
Generator,CZ0 0,solar rooftop,0.059516627036235226
Generator,CZ0 0,solar-hsat,0.06978486567483679
Generator,DE0 0,load,0.0
Generator,DE0 0,offwind-ac,0.49357859237207463
Generator,DE0 0,offwind-dc,0.586161345173847
Generator,DE0 0,onwind,0.13316182145613584
Generator,DE0 0,ror,0.4806928169746815
Generator,DE0 0,solar,0.05630779913518291
Generator,DE0 0,solar rooftop,0.05594113656525596
Generator,DE0 0,solar-hsat,0.06664215460979869
Generator,DE0 1,load,0.0
Generator,DE0 1,offwind-ac,0.4805122434657193
Generator,DE0 1,offwind-dc,0.537709459954809
Generator,DE0 1,onwind,0.09861495844875347
Generator,DE0 1,ror,0.481440440470721
Generator,DE0 1,solar,0.05933738376404815
Generator,DE0 1,solar rooftop,0.056846589908806026
Generator,DE0 1,solar-hsat,0.06894648428125749
Generator,DK0 0,load,0.0
Generator,DK0 0,offwind-ac,0.289611143354614
Generator,DK0 0,offwind-dc,0.3380765456329735
Generator,DK0 0,onwind,0.4051237012352536
Generator,DK0 0,solar,0.057709497206703916
Generator,DK0 0,solar rooftop,0.059311871598561015
Generator,DK0 0,solar-hsat,0.06874630396215256
Generator,DK1 0,load,0.0
Generator,DK1 0,offwind-ac,0.3561813579228246
Generator,DK1 0,offwind-dc,0.5291328936760878
Generator,DK1 0,onwind,0.44094945963104476
Generator,DK1 0,solar,0.06701648689793671
Generator,DK1 0,solar rooftop,0.06498777251678027
Generator,DK1 0,solar-hsat,0.08092261740140494
Generator,EE0 0,load,0.0
Generator,EE0 0,offwind-ac,0.2559150307984572
Generator,EE0 0,offwind-dc,0.27713853639292524
Generator,EE0 0,onwind,0.15852363073419468
Generator,EE0 0,solar,0.060551716862703726
Generator,EE0 0,solar rooftop,0.06078135479543931
Generator,EE0 0,solar-hsat,0.07228458737864077
Generator,ES0 0,load,0.0
Generator,ES0 0,offwind-ac,0.1945227547321788
Generator,ES0 0,offwind-dc,0.29889682024659314
Generator,ES0 0,onwind,0.05391754036417172
Generator,ES0 0,ror,0.24730776923076925
Generator,ES0 0,solar,0.13186853033006998
Generator,ES0 0,solar rooftop,0.17491047153618564
Generator,ES0 0,solar-hsat,0.11198118666814416
Generator,ES6 0,load,0.0
Generator,ES6 0,offwind-ac,0.18337463392656003
Generator,ES6 0,offwind-dc,0.218937875751503
Generator,ES6 0,onwind,0.2524414702638669
Generator,ES6 0,ror,0.26450699195453314
Generator,ES6 0,solar,0.09289447347937285
Generator,ES6 0,solar rooftop,0.0993848519800077
Generator,ES6 0,solar-hsat,0.11283323000619963
Generator,EU,load,0.0
Generator,FI1 0,load,0.0
Generator,FI1 0,offwind-ac,0.42758753546369727
Generator,FI1 0,offwind-dc,0.22135478609447157
Generator,FI1 0,onwind,0.10897331437786931
Generator,FI1 0,ror,0.5392295525635795
Generator,FI1 0,solar,0.05268389662027833
Generator,FI1 0,solar rooftop,0.05607004546219903
Generator,FI1 0,solar-hsat,0.06446553211512822
Generator,FR0 0,load,0.0
Generator,FR0 0,offwind-ac,0.26109356014580803
Generator,FR0 0,offwind-dc,0.4662192537881473
Generator,FR0 0,onwind,0.11969575660528423
Generator,FR0 0,ror,0.48912146804363293
Generator,FR0 0,solar,0.0672973964063073
Generator,FR0 0,solar rooftop,0.0676272567434281
Generator,FR0 0,solar-hsat,0.0802957211771758
Generator,FR5 0,load,0.0
Generator,FR5 0,offwind-ac,0.14217727543129088
Generator,FR5 0,offwind-dc,0.1915218054284843
Generator,FR5 0,onwind,0.0837995337995338
Generator,FR5 0,ror,0.45494759460227413
Generator,FR5 0,solar,0.042575302159577985
Generator,FR5 0,solar rooftop,0.14614838265272043
Generator,FR5 0,solar-hsat,0.10641699571231317
Generator,GB2 0,load,0.0
Generator,GB2 0,offwind-ac,0.5461813969250007
Generator,GB2 0,offwind-dc,0.31218427965245504
Generator,GB2 0,onwind,0.28187087823069606
Generator,GB2 0,ror,0.1375388047338621
Generator,GB2 0,solar,0.05484508407591067
Generator,GB2 0,solar rooftop,0.05494400762449368
Generator,GB2 0,solar-hsat,0.06461841242073038
Generator,GB3 0,load,0.0
Generator,GB3 0,offwind-ac,0.12961664681223267
Generator,GB3 0,offwind-dc,0.11451233610381431
Generator,GB3 0,onwind,0.07462272835402631
Generator,GB3 0,ror,0.13667739549166028
Generator,GB3 0,solar,0.05344688841201716
Generator,GB3 0,solar rooftop,0.05248829358597408
Generator,GB3 0,solar-hsat,0.0620094191522763
Generator,GR0 0,load,0.0
Generator,GR0 0,offwind-ac,0.1910097192224622
Generator,GR0 0,offwind-dc,0.2627355198883461
Generator,GR0 0,onwind,0.06980605426050654
Generator,GR0 0,ror,0.24885354025218237
Generator,GR0 0,solar,0.11534007699347026
Generator,GR0 0,solar rooftop,0.16630859219713912
Generator,GR0 0,solar-hsat,0.10785523748855357
Generator,HR0 0,load,0.0
Generator,HR0 0,offwind-ac,0.20047241401746974
Generator,HR0 0,offwind-dc,0.1768775708949258
Generator,HR0 0,onwind,0.05575158786167961
Generator,HR0 0,ror,0.4856528597695901
Generator,HR0 0,solar,0.07521628878281623
Generator,HR0 0,solar rooftop,0.07517964071856287
Generator,HR0 0,solar-hsat,0.08932181584267597
Generator,HU0 0,load,0.0
Generator,HU0 0,onwind,0.13379677561196682
Generator,HU0 0,ror,0.38547258883248736
Generator,HU0 0,solar,0.06919279130286743
Generator,HU0 0,solar rooftop,0.0703775788244453
Generator,HU0 0,solar-hsat,0.08253607913085778
Generator,IE3 0,load,0.0
Generator,IE3 0,offwind-ac,0.10184100081187289
Generator,IE3 0,offwind-dc,0.34870537374995436
Generator,IE3 0,onwind,0.18248537141723695
Generator,IE3 0,ror,0.2980433796296296
Generator,IE3 0,solar,0.05369672092024247
Generator,IE3 0,solar rooftop,0.05667460833152841
Generator,IE3 0,solar-hsat,0.06279144043436602
Generator,IT0 0,load,0.0
Generator,IT0 0,offwind-ac,0.1283600493218249
Generator,IT0 0,offwind-dc,0.2551119722756871
Generator,IT0 0,onwind,0.06993517017828202
Generator,IT0 0,ror,0.47852628887017534
Generator,IT0 0,solar,0.15359561438378141
Generator,IT0 0,solar rooftop,0.08612402195492234
Generator,IT0 0,solar-hsat,0.10108572100497784
Generator,IT4 0,load,0.0
Generator,IT4 0,offwind-ac,0.17729240456513187
Generator,IT4 0,offwind-dc,0.23394535711148204
Generator,IT4 0,onwind,0.044943022170876
Generator,IT4 0,ror,0.4517766072811774
Generator,IT4 0,solar,0.04963000909030341
Generator,IT4 0,solar rooftop,0.16071470136174262
Generator,IT4 0,solar-hsat,0.11375124378109454
Generator,LT0 0,load,0.0
Generator,LT0 0,offwind-ac,0.2234563868016988
Generator,LT0 0,offwind-dc,0.2883906517195516
Generator,LT0 0,onwind,0.1213682092555332
Generator,LT0 0,ror,0.5593631683168316
Generator,LT0 0,solar,0.05892792026255014
Generator,LT0 0,solar rooftop,0.06116732168241492
Generator,LT0 0,solar-hsat,0.06772971266182508
Generator,LU0 0,load,0.0
Generator,LU0 0,onwind,0.12984445030319008
Generator,LU0 0,solar,0.06173484227504693
Generator,LU0 0,solar rooftop,0.06231447070097936
Generator,LU0 0,solar-hsat,0.07176122550598987
Generator,LV0 0,load,0.0
Generator,LV0 0,offwind-ac,0.22806449524056205
Generator,LV0 0,offwind-dc,0.2719320446708216
Generator,LV0 0,onwind,0.1324599708879185
Generator,LV0 0,ror,0.2091165028318469
Generator,LV0 0,solar,0.057255026551082465
Generator,LV0 0,solar rooftop,0.06080165750258985
Generator,LV0 0,solar-hsat,0.06781697999828312
Generator,ME0 0,load,0.0
Generator,ME0 0,offwind-ac,0.15516040575050555
Generator,ME0 0,offwind-dc,0.2213408367353155
Generator,ME0 0,onwind,0.023535704733886068
Generator,ME0 0,ror,0.4498283582089552
Generator,ME0 0,solar,0.0866027772345003
Generator,ME0 0,solar rooftop,0.0830241081794796
Generator,ME0 0,solar-hsat,0.10348047097878521
Generator,MK0 0,load,0.0
Generator,MK0 0,onwind,0.015188834154351396
Generator,MK0 0,ror,0.29331351774530273
Generator,MK0 0,solar,0.15316198210833895
Generator,MK0 0,solar rooftop,0.15164843235311554
Generator,MK0 0,solar-hsat,0.11061424232197098
Generator,NL0 0,load,0.0
Generator,NL0 0,offwind-ac,0.5264984345624402
Generator,NL0 0,offwind-dc,0.5836863147801375
Generator,NL0 0,onwind,0.34162174637886744
Generator,NL0 0,solar,0.06052834519987805
Generator,NL0 0,solar rooftop,0.0597262922570315
Generator,NL0 0,solar-hsat,0.07112192329708071
Generator,NO1 0,load,0.0
Generator,NO1 0,offwind-ac,0.1811773775342431
Generator,NO1 0,offwind-dc,0.28875202147059836
Generator,NO1 0,onwind,0.10835647563746528
Generator,NO1 0,ror,0.44860022614201717
Generator,NO1 0,solar,0.04995513012264433
Generator,NO1 0,solar rooftop,0.05014436958614052
Generator,NO1 0,solar-hsat,0.060936071161360045
Generator,PL0 0,load,0.0
Generator,PL0 0,offwind-ac,0.45953939702081514
Generator,PL0 0,offwind-dc,0.5251533869563515
Generator,PL0 0,onwind,0.23957894946345876
Generator,PL0 0,ror,0.7338442350747425
Generator,PL0 0,solar,0.05672410774579196
Generator,PL0 0,solar rooftop,0.056437141550262124
Generator,PL0 0,solar-hsat,0.06756288278571704
Generator,PT0 0,load,0.0
Generator,PT0 0,offwind-ac,0.22873719293914332
Generator,PT0 0,offwind-dc,0.291575383389763
Generator,PT0 0,onwind,0.09437696806117858
Generator,PT0 0,ror,0.2986188013136289
Generator,PT0 0,solar,0.09336080793442326
Generator,PT0 0,solar rooftop,0.09963369963369964
Generator,PT0 0,solar-hsat,0.11329835353718111
Generator,RO0 0,load,0.0
Generator,RO0 0,offwind-ac,0.31550423548172585
Generator,RO0 0,offwind-dc,0.38670064044311186
Generator,RO0 0,onwind,0.07175558254694946
Generator,RO0 0,ror,0.21321428672847834
Generator,RO0 0,solar,0.07704561006083215
Generator,RO0 0,solar rooftop,0.07549481452291819
Generator,RO0 0,solar-hsat,0.08596244731127858
Generator,RS0 0,load,0.0
Generator,RS0 0,onwind,0.06482982171799027
Generator,RS0 0,ror,0.4535968742683212
Generator,RS0 0,solar,0.07847798247302737
Generator,RS0 0,solar rooftop,0.07665395404545025
Generator,RS0 0,solar-hsat,0.09015489378027143
Generator,SE1 0,load,0.0
Generator,SE1 0,offwind-ac,0.46217488917292937
Generator,SE1 0,offwind-dc,0.3058278750326412
Generator,SE1 0,onwind,0.11583189686566803
Generator,SE1 0,ror,0.5223361969805895
Generator,SE1 0,solar,0.057177249473367435
Generator,SE1 0,solar rooftop,0.05956750042346565
Generator,SE1 0,solar-hsat,0.06954225352112677
Generator,SI0 0,load,0.0
Generator,SI0 0,offwind-ac,0.08776913875598087
Generator,SI0 0,onwind,0.03301973805570928
Generator,SI0 0,ror,0.46265638412814847
Generator,SI0 0,solar,0.06856892709328238
Generator,SI0 0,solar rooftop,0.07116069754359647
Generator,SI0 0,solar-hsat,0.08191166854901029
Generator,SK0 0,load,0.0
Generator,SK0 0,onwind,0.08147470924669913
Generator,SK0 0,ror,0.327096280662566
Generator,SK0 0,solar,0.06746045663381615
Generator,SK0 0,solar rooftop,0.06851894773438405
Generator,SK0 0,solar-hsat,0.08138726026035974
Generator,XK0 0,load,0.0
Generator,XK0 0,onwind,0.024383983572895278
Generator,XK0 0,ror,0.2068953642384106
Generator,XK0 0,solar,0.08558374534145954
Generator,XK0 0,solar rooftop,0.08787001770466528
Generator,XK0 0,solar-hsat,0.10896634615384616
