component,carrier,location,bus_carrier,0
Generator,load,BE0 0,AC,0.0
Generator,load,BE0 0,EV battery,-0.0
Generator,load,BE0 0,H2,0.0
Generator,load,BE0 0,battery,0.0
Generator,load,BE0 0,residential rural heat,0.0
Generator,load,BE0 0,residential urban decentral heat,0.0
Generator,load,BE0 0,services rural heat,0.0
Generator,load,BE0 0,services urban decentral heat,0.0
Generator,load,BE0 0,urban central aquifer thermal energy storage,0.0
Generator,load,BE0 0,urban central heat,0.0
Generator,load,CH0 0,AC,0.0
Generator,load,CH0 0,EV battery,-0.0
Generator,load,CH0 0,H2,0.0
Generator,load,CH0 0,battery,0.0
Generator,load,CH0 0,residential rural heat,0.0
Generator,load,CH0 0,residential urban decentral heat,0.0
Generator,load,CH0 0,services rural heat,0.0
Generator,load,CH0 0,services urban decentral heat,0.0
Generator,load,CH0 0,urban central aquifer thermal energy storage,0.0
Generator,load,CH0 0,urban central heat,0.0
Generator,load,DE0 0,AC,0.0
Generator,load,DE0 0,EV battery,0.0
Generator,load,DE0 0,H2,0.0
Generator,load,DE0 0,battery,0.0
Generator,load,DE0 0,residential rural heat,0.0
Generator,load,DE0 0,residential urban decentral heat,0.0
Generator,load,DE0 0,services rural heat,0.0
Generator,load,DE0 0,services urban decentral heat,0.0
Generator,load,DE0 0,urban central aquifer thermal energy storage,0.0
Generator,load,DE0 0,urban central heat,0.0
Generator,load,EU,co2,0.0
Generator,load,EU,co2 sequestered,0.0
Generator,load,EU,co2 stored,0.0
Generator,load,EU,none,0.0
Generator,load,FR0 0,AC,0.0
Generator,load,FR0 0,EV battery,0.0
Generator,load,FR0 0,H2,0.0
Generator,load,FR0 0,battery,0.0
Generator,load,FR0 0,residential rural heat,0.0
Generator,load,FR0 0,residential urban decentral heat,0.0
Generator,load,FR0 0,services rural heat,0.0
Generator,load,FR0 0,services urban decentral heat,0.0
Generator,load,FR0 0,urban central aquifer thermal energy storage,0.0
Generator,load,FR0 0,urban central heat,0.0
Generator,load,NL0 0,AC,0.0
Generator,load,NL0 0,EV battery,-0.0
Generator,load,NL0 0,H2,0.0
Generator,load,NL0 0,battery,0.0
Generator,load,NL0 0,residential rural heat,0.0
Generator,load,NL0 0,residential urban decentral heat,0.0
Generator,load,NL0 0,services rural heat,0.0
Generator,load,NL0 0,services urban decentral heat,0.0
Generator,load,NL0 0,urban central aquifer thermal energy storage,0.0
Generator,load,NL0 0,urban central heat,0.0
Generator,nuclear,BE0 0,AC,21233332.83824
Generator,nuclear,CH0 0,AC,9749041.99673
Generator,nuclear,DE0 0,AC,135862111.72676
Generator,nuclear,FR0 0,AC,110426428.94852
Generator,nuclear,NL0 0,AC,15569.28002
Generator,offwind-ac,BE0 0,AC,1969747.85851
Generator,offwind-ac,DE0 0,AC,8831371.0811
Generator,offwind-ac,FR0 0,AC,0.00063
Generator,offwind-ac,NL0 0,AC,1308210.81433
Generator,offwind-dc,BE0 0,AC,2952844.70126
Generator,offwind-dc,DE0 0,AC,56640690.44719
Generator,offwind-dc,FR0 0,AC,167710908.85909
Generator,offwind-dc,NL0 0,AC,11663364.30949
Generator,offwind-float,BE0 0,AC,4805381.44734
Generator,offwind-float,DE0 0,AC,68047418.15525
Generator,offwind-float,FR0 0,AC,2e-05
Generator,offwind-float,NL0 0,AC,1e-05
Generator,onwind,BE0 0,AC,25866268.93836
Generator,onwind,CH0 0,AC,0.0
Generator,onwind,DE0 0,AC,26001304.91353
Generator,onwind,FR0 0,AC,108991721.66755
Generator,onwind,NL0 0,AC,65196957.62518
Generator,ror,BE0 0,AC,292591.43851
Generator,ror,CH0 0,AC,9977082.49076
Generator,ror,DE0 0,AC,22116149.3443
Generator,ror,FR0 0,AC,29942924.46397
Generator,solar,BE0 0,AC,88354557.53295
Generator,solar,CH0 0,AC,39750065.28904
Generator,solar,DE0 0,AC,608888115.72608
Generator,solar,FR0 0,AC,235958568.28237
Generator,solar,NL0 0,AC,115154229.11184
Generator,solar-hsat,BE0 0,AC,5e-05
Generator,solar-hsat,CH0 0,AC,0.00012
Generator,solar-hsat,DE0 0,AC,4e-05
Generator,solar-hsat,FR0 0,AC,6e-05
Generator,solar-hsat,NL0 0,AC,3e-05
Link,BEV charger,BE0 0,AC,-32552343.73897
Link,BEV charger,CH0 0,AC,-16269842.4547
Link,BEV charger,DE0 0,AC,-186501103.63775
Link,BEV charger,FR0 0,AC,-150724786.65591
Link,BEV charger,NL0 0,AC,-40093391.50355
Link,H2 Electrolysis,BE0 0,AC,-0.0
Link,H2 Electrolysis,CH0 0,AC,-0.0
Link,H2 Electrolysis,DE0 0,AC,0.0
Link,H2 Electrolysis,FR0 0,AC,0.0
Link,H2 Electrolysis,NL0 0,AC,0.0
Link,battery charger,BE0 0,AC,-1849116.40139
Link,battery charger,CH0 0,AC,-0.00026
Link,battery charger,DE0 0,AC,-7812098.43648
Link,battery charger,FR0 0,AC,-0.0003
Link,battery charger,NL0 0,AC,-2761157.63745
Link,battery discharger,BE0 0,battery,-1811756.66337
Link,battery discharger,CH0 0,battery,-0.00025
Link,battery discharger,DE0 0,battery,-7654261.99591
Link,battery discharger,FR0 0,battery,-0.0003
Link,battery discharger,NL0 0,battery,-2705370.92445
Link,co2 sequestered,EU,co2 stored,-0.0
Link,residential rural air heat pump,BE0 0,residential rural heat,3160.01008
Link,residential rural air heat pump,CH0 0,residential rural heat,467373.30093
Link,residential rural air heat pump,DE0 0,residential rural heat,125972.764
Link,residential rural air heat pump,FR0 0,residential rural heat,99559.87297
Link,residential rural air heat pump,NL0 0,residential rural heat,6044.74763
Link,residential rural ground heat pump,BE0 0,residential rural heat,2913683.51537
Link,residential rural ground heat pump,CH0 0,residential rural heat,9300344.41908
Link,residential rural ground heat pump,DE0 0,residential rural heat,110767445.81787
Link,residential rural ground heat pump,FR0 0,residential rural heat,70370099.45178
Link,residential rural ground heat pump,NL0 0,residential rural heat,4823034.02369
Link,residential urban decentral air heat pump,BE0 0,residential urban decentral heat,25044758.83359
Link,residential urban decentral air heat pump,CH0 0,residential urban decentral heat,15048253.75137
Link,residential urban decentral air heat pump,DE0 0,residential urban decentral heat,158853491.40403
Link,residential urban decentral air heat pump,FR0 0,residential urban decentral heat,118954641.96087
Link,residential urban decentral air heat pump,NL0 0,residential urban decentral heat,32336395.43773
Link,services rural air heat pump,BE0 0,services rural heat,1434.71018
Link,services rural air heat pump,CH0 0,services rural heat,90568.51832
Link,services rural air heat pump,DE0 0,services rural heat,12226.45231
Link,services rural air heat pump,FR0 0,services rural heat,34890.13119
Link,services rural air heat pump,NL0 0,services rural heat,504.02131
Link,services rural ground heat pump,BE0 0,services rural heat,1296989.85342
Link,services rural ground heat pump,CH0 0,services rural heat,3892640.27791
Link,services rural ground heat pump,DE0 0,services rural heat,41247296.41333
Link,services rural ground heat pump,FR0 0,services rural heat,25523734.36531
Link,services rural ground heat pump,NL0 0,services rural heat,2603108.11316
Link,services urban decentral air heat pump,BE0 0,services urban decentral heat,11148602.85623
Link,services urban decentral air heat pump,CH0 0,services urban decentral heat,6136575.44459
Link,services urban decentral air heat pump,DE0 0,services urban decentral heat,59103771.39319
Link,services urban decentral air heat pump,FR0 0,services urban decentral heat,43143631.67252
Link,services urban decentral air heat pump,NL0 0,services urban decentral heat,17434263.45549
Link,urban central air heat pump,BE0 0,urban central heat,67018131.86863
Link,urban central air heat pump,CH0 0,urban central heat,37280626.76652
Link,urban central air heat pump,DE0 0,urban central heat,400845435.90374
Link,urban central air heat pump,FR0 0,urban central heat,298981824.90745
Link,urban central air heat pump,NL0 0,urban central heat,90309584.34461
Link,urban central aquifer thermal energy storage charger,BE0 0,urban central heat,-20867870.31513
Link,urban central aquifer thermal energy storage charger,CH0 0,urban central heat,-3461596.47398
Link,urban central aquifer thermal energy storage charger,DE0 0,urban central heat,-108421723.86672
Link,urban central aquifer thermal energy storage charger,FR0 0,urban central heat,-93074984.46485
Link,urban central aquifer thermal energy storage charger,NL0 0,urban central heat,-20883269.16071
Link,urban central aquifer thermal energy storage discharger,BE0 0,urban central aquifer thermal energy storage,-16283287.36141
Link,urban central aquifer thermal energy storage discharger,CH0 0,urban central aquifer thermal energy storage,-2724800.07047
Link,urban central aquifer thermal energy storage discharger,DE0 0,urban central aquifer thermal energy storage,-83552566.28816
Link,urban central aquifer thermal energy storage discharger,FR0 0,urban central aquifer thermal energy storage,-73712681.57495
Link,urban central aquifer thermal energy storage discharger,NL0 0,urban central aquifer thermal energy storage,-16428071.40689
Link,BEV charger,BE0 0,EV battery,29297109.36507
Link,BEV charger,CH0 0,EV battery,14642858.20923
Link,BEV charger,DE0 0,EV battery,167850993.27398
Link,BEV charger,FR0 0,EV battery,135652307.99032
Link,BEV charger,NL0 0,EV battery,36084052.35319
Link,H2 Electrolysis,BE0 0,H2,0.0
Link,H2 Electrolysis,CH0 0,H2,0.0
Link,H2 Electrolysis,DE0 0,H2,0.0
Link,H2 Electrolysis,FR0 0,H2,0.0
Link,H2 Electrolysis,NL0 0,H2,0.0
Link,battery charger,BE0 0,battery,1811756.66337
Link,battery charger,CH0 0,battery,0.00025
Link,battery charger,DE0 0,battery,7654261.99591
Link,battery charger,FR0 0,battery,0.0003
Link,battery charger,NL0 0,battery,2705370.92445
Link,battery discharger,BE0 0,AC,1775151.74533
Link,battery discharger,CH0 0,AC,0.00025
Link,battery discharger,DE0 0,AC,7499614.49902
Link,battery discharger,FR0 0,AC,0.00029
Link,battery discharger,NL0 0,AC,2650711.33195
Link,co2 sequestered,EU,co2 sequestered,0.0
Link,residential rural air heat pump,BE0 0,AC,-1693.23849
Link,residential rural air heat pump,CH0 0,AC,-208929.23613
Link,residential rural air heat pump,DE0 0,AC,-47182.77174
Link,residential rural air heat pump,FR0 0,AC,-50302.10213
Link,residential rural air heat pump,NL0 0,AC,-2050.16701
Link,residential rural ground heat pump,BE0 0,AC,-876306.41361
Link,residential rural ground heat pump,CH0 0,AC,-2983479.99761
Link,residential rural ground heat pump,DE0 0,AC,-34077570.21148
Link,residential rural ground heat pump,FR0 0,AC,-20468771.0192
Link,residential rural ground heat pump,NL0 0,AC,-1457935.05861
Link,residential urban decentral air heat pump,BE0 0,AC,-11012963.86426
Link,residential urban decentral air heat pump,CH0 0,AC,-7302233.63846
Link,residential urban decentral air heat pump,DE0 0,AC,-71373132.793
Link,residential urban decentral air heat pump,FR0 0,AC,-50554767.58987
Link,residential urban decentral air heat pump,NL0 0,AC,-14018923.40524
Link,services rural air heat pump,BE0 0,AC,-768.76024
Link,services rural air heat pump,CH0 0,AC,-52631.47747
Link,services rural air heat pump,DE0 0,AC,-6609.97353
Link,services rural air heat pump,FR0 0,AC,-17628.04681
Link,services rural air heat pump,NL0 0,AC,-267.26772
Link,services rural ground heat pump,BE0 0,AC,-390177.2409
Link,services rural ground heat pump,CH0 0,AC,-1248816.81103
Link,services rural ground heat pump,DE0 0,AC,-12714718.74038
Link,services rural ground heat pump,FR0 0,AC,-7415394.20769
Link,services rural ground heat pump,NL0 0,AC,-788278.53253
Link,services urban decentral air heat pump,BE0 0,AC,-4905871.03776
Link,services urban decentral air heat pump,CH0 0,AC,-2984702.61549
Link,services urban decentral air heat pump,DE0 0,AC,-26697939.83056
Link,services urban decentral air heat pump,FR0 0,AC,-18270488.20353
Link,services urban decentral air heat pump,NL0 0,AC,-7590511.26123
Link,urban central air heat pump,BE0 0,AC,-20110709.88668
Link,urban central air heat pump,CH0 0,AC,-12896560.9785
Link,urban central air heat pump,DE0 0,AC,-124487115.52603
Link,urban central air heat pump,FR0 0,AC,-89117239.9304
Link,urban central air heat pump,NL0 0,AC,-27507532.40017
Link,urban central aquifer thermal energy storage charger,BE0 0,urban central aquifer thermal energy storage,20867870.31513
Link,urban central aquifer thermal energy storage charger,CH0 0,urban central aquifer thermal energy storage,3461596.47398
Link,urban central aquifer thermal energy storage charger,DE0 0,urban central aquifer thermal energy storage,108421723.86672
Link,urban central aquifer thermal energy storage charger,FR0 0,urban central aquifer thermal energy storage,93074984.46485
Link,urban central aquifer thermal energy storage charger,NL0 0,urban central aquifer thermal energy storage,20883269.16071
Link,urban central aquifer thermal energy storage discharger,BE0 0,urban central heat,16283287.36141
Link,urban central aquifer thermal energy storage discharger,CH0 0,urban central heat,2724800.07047
Link,urban central aquifer thermal energy storage discharger,DE0 0,urban central heat,83552566.28816
Link,urban central aquifer thermal energy storage discharger,FR0 0,urban central heat,73712681.57495
Link,urban central aquifer thermal energy storage discharger,NL0 0,urban central heat,16428071.40689
Link,H2 Electrolysis,BE0 0,urban central heat,0.0
Link,H2 Electrolysis,CH0 0,urban central heat,0.0
Link,H2 Electrolysis,DE0 0,urban central heat,0.0
Link,H2 Electrolysis,FR0 0,urban central heat,0.0
Link,H2 Electrolysis,NL0 0,urban central heat,0.0
Load,electricity,BE0 0,AC,-75598193.44391
Load,electricity,CH0 0,AC,-38507212.05123
Load,electricity,DE0 0,AC,-470074861.79056
Load,electricity,FR0 0,AC,-351927994.09645
Load,electricity,NL0 0,AC,-101768995.23935
Load,land transport EV,BE0 0,EV battery,-29297109.36508
Load,land transport EV,CH0 0,EV battery,-14642858.20924
Load,land transport EV,DE0 0,EV battery,-167850993.27397
Load,land transport EV,FR0 0,EV battery,-135652307.99032
Load,land transport EV,NL0 0,EV battery,-36084052.35319
Load,residential rural heat,BE0 0,residential rural heat,-2916843.52545
Load,residential rural heat,CH0 0,residential rural heat,-9767717.72001
Load,residential rural heat,DE0 0,residential rural heat,-110893418.58187
Load,residential rural heat,FR0 0,residential rural heat,-70469659.32473
Load,residential rural heat,NL0 0,residential rural heat,-4829078.77133
Load,residential urban decentral heat,BE0 0,residential urban decentral heat,-25044758.83359
Load,residential urban decentral heat,CH0 0,residential urban decentral heat,-15048253.75136
Load,residential urban decentral heat,DE0 0,residential urban decentral heat,-158853491.40404
Load,residential urban decentral heat,FR0 0,residential urban decentral heat,-118954641.96086
Load,residential urban decentral heat,NL0 0,residential urban decentral heat,-32336395.43773
Load,services rural heat,BE0 0,services rural heat,-1298424.5636
Load,services rural heat,CH0 0,services rural heat,-3983208.79623
Load,services rural heat,DE0 0,services rural heat,-41259522.86565
Load,services rural heat,FR0 0,services rural heat,-25558624.4965
Load,services rural heat,NL0 0,services rural heat,-2603612.13447
Load,services urban decentral heat,BE0 0,services urban decentral heat,-11148602.85623
Load,services urban decentral heat,CH0 0,services urban decentral heat,-6136575.44459
Load,services urban decentral heat,DE0 0,services urban decentral heat,-59103771.3932
Load,services urban decentral heat,FR0 0,services urban decentral heat,-43143631.67251
Load,services urban decentral heat,NL0 0,services urban decentral heat,-17434263.45548
Load,urban central heat,BE0 0,urban central heat,-62433548.91494
Load,urban central heat,CH0 0,urban central heat,-36543830.36301
Load,urban central heat,DE0 0,urban central heat,-375976278.32523
Load,urban central heat,FR0 0,urban central heat,-279619522.01757
Load,urban central heat,NL0 0,urban central heat,-85854386.5908
StorageUnit,PHS,BE0 0,AC,-11797.81761
StorageUnit,PHS,CH0 0,AC,-107606.25157
StorageUnit,PHS,DE0 0,AC,-94442.18172
StorageUnit,PHS,FR0 0,AC,-215509.12993
StorageUnit,hydro,BE0 0,AC,60065.34328
StorageUnit,hydro,CH0 0,AC,23085825.73554
StorageUnit,hydro,FR0 0,AC,35732328.75968
Store,H2 Store,BE0 0,H2,-0.0
Store,H2 Store,CH0 0,H2,-0.0
Store,battery,BE0 0,battery,0.0
Store,battery,CH0 0,battery,0.0
Store,battery,DE0 0,battery,1e-05
Store,battery,FR0 0,battery,0.0
Store,battery,NL0 0,battery,-0.0
Store,co2,EU,co2,0.0
Store,co2 sequestered,EU,co2 sequestered,-0.0
Store,co2 stored,EU,co2 stored,-0.0
Store,urban central aquifer thermal energy storage,BE0 0,urban central aquifer thermal energy storage,-4584582.95372
Store,urban central aquifer thermal energy storage,CH0 0,urban central aquifer thermal energy storage,-736796.4035
Store,urban central aquifer thermal energy storage,DE0 0,urban central aquifer thermal energy storage,-24869157.57857
Store,urban central aquifer thermal energy storage,FR0 0,urban central aquifer thermal energy storage,-19362302.8899
Store,urban central aquifer thermal energy storage,NL0 0,urban central aquifer thermal energy storage,-4455197.75381
