cost,component,location,carrier,0
capital,Generator,BE0 0,load,0.0
capital,Generator,BE0 0,nuclear,9034782290.62225
capital,Generator,BE0 0,offwind-ac,154061551.18574
capital,Generator,BE0 0,offwind-dc,177045973.77658
capital,Generator,BE0 0,offwind-float,368522957.9228
capital,Generator,BE0 0,onwind,1434062454.65576
capital,Generator,BE0 0,ror,18186779.19648
capital,Generator,BE0 0,solar,3123927910.96546
capital,Generator,BE0 0,solar-hsat,0.00262
capital,Generator,CH0 0,load,0.0
capital,Generator,CH0 0,nuclear,2528946042.32215
capital,Generator,CH0 0,onwind,0.00041
capital,Generator,CH0 0,ror,1295123214.9052
capital,Generator,CH0 0,solar,1587003756.28923
capital,Generator,CH0 0,solar-hsat,0.0044
capital,Generator,DE0 0,load,0.0
capital,Generator,DE0 0,nuclear,54245662557.20855
capital,Generator,DE0 0,offwind-ac,808349686.87527
capital,Generator,DE0 0,offwind-dc,4792078687.00943
capital,Generator,DE0 0,offwind-float,6085222591.02407
capital,Generator,DE0 0,onwind,2516266507.407
capital,Generator,DE0 0,ror,1613897124.36741
capital,Generator,DE0 0,solar,25586290745.8494
capital,Generator,DE0 0,solar-hsat,0.00246
capital,Generator,EU,load,0.0
capital,Generator,FR0 0,load,0.0
capital,Generator,FR0 0,nuclear,48756270613.85416
capital,Generator,FR0 0,offwind-ac,0.03791
capital,Generator,FR0 0,offwind-dc,9283368834.05852
capital,Generator,FR0 0,offwind-float,0.00177
capital,Generator,FR0 0,onwind,5144661375.42741
capital,Generator,FR0 0,ror,2150457496.71148
capital,Generator,FR0 0,solar,6142751611.36509
capital,Generator,FR0 0,solar-hsat,0.00251
capital,Generator,NL0 0,load,0.0
capital,Generator,NL0 0,nuclear,45227052.918
capital,Generator,NL0 0,offwind-ac,713043761.97255
capital,Generator,NL0 0,offwind-dc,3589675978.03313
capital,Generator,NL0 0,offwind-float,0.00122
capital,Generator,NL0 0,onwind,4410106834.9713
capital,Generator,NL0 0,solar,4095901597.48933
capital,Generator,NL0 0,solar-hsat,0.00184
capital,Link,BE0 0,BEV charger,0.0
capital,Link,BE0 0,H2 Electrolysis,0.00023
capital,Link,BE0 0,battery charger,25104843.66801
capital,Link,BE0 0,battery discharger,0.0
capital,Link,BE0 0,residential rural air heat pump,3214988.28675
capital,Link,BE0 0,residential rural ground heat pump,115843965.29253
capital,Link,BE0 0,residential urban decentral air heat pump,771650742.179
capital,Link,BE0 0,services rural air heat pump,1459644.05925
capital,Link,BE0 0,services rural ground heat pump,51746926.93886
capital,Link,BE0 0,services urban decentral air heat pump,344894562.82903
capital,Link,BE0 0,urban central air heat pump,802206658.25804
capital,Link,BE0 0,urban central aquifer thermal energy storage charger,356646609.80815
capital,Link,BE0 0,urban central aquifer thermal energy storage discharger,1622545762.79832
capital,Link,CH0 0,BEV charger,0.0
capital,Link,CH0 0,H2 Electrolysis,0.00023
capital,Link,CH0 0,battery charger,0.00077
capital,Link,CH0 0,battery discharger,0.0
capital,Link,CH0 0,residential rural air heat pump,42600799.59062
capital,Link,CH0 0,residential rural ground heat pump,254543991.73325
capital,Link,CH0 0,residential urban decentral air heat pump,358976151.76629
capital,Link,CH0 0,services rural air heat pump,17785067.21344
capital,Link,CH0 0,services rural ground heat pump,104832085.97696
capital,Link,CH0 0,services urban decentral air heat pump,148211823.59037
capital,Link,CH0 0,urban central air heat pump,629060927.94132
capital,Link,CH0 0,urban central aquifer thermal energy storage charger,50557029.22435
capital,Link,CH0 0,urban central aquifer thermal energy storage discharger,95119756.92375
capital,Link,DE0 0,BEV charger,0.0
capital,Link,DE0 0,H2 Electrolysis,0.0
capital,Link,DE0 0,battery charger,92574107.1589
capital,Link,DE0 0,battery discharger,0.0
capital,Link,DE0 0,residential rural air heat pump,32042135.54693
capital,Link,DE0 0,residential rural ground heat pump,3971105522.78207
capital,Link,DE0 0,residential urban decentral air heat pump,4301150077.92041
capital,Link,DE0 0,services rural air heat pump,12439509.80135
capital,Link,DE0 0,services rural ground heat pump,1517714841.75152
capital,Link,DE0 0,services urban decentral air heat pump,1644131365.95674
capital,Link,DE0 0,urban central air heat pump,4746464154.08579
capital,Link,DE0 0,urban central aquifer thermal energy storage charger,1834205764.82915
capital,Link,DE0 0,urban central aquifer thermal energy storage discharger,9137798012.08802
capital,Link,EU,co2 sequestered,0.0
capital,Link,FR0 0,BEV charger,0.0
capital,Link,FR0 0,H2 Electrolysis,0.0
capital,Link,FR0 0,battery charger,0.0008
capital,Link,FR0 0,battery discharger,0.0
capital,Link,FR0 0,residential rural air heat pump,101295406.12621
capital,Link,FR0 0,residential rural ground heat pump,2855329896.93795
capital,Link,FR0 0,residential urban decentral air heat pump,3776428592.58283
capital,Link,FR0 0,services rural air heat pump,35498291.75395
capital,Link,FR0 0,services rural ground heat pump,1015068771.10574
capital,Link,FR0 0,services urban decentral air heat pump,1341654443.29327
capital,Link,FR0 0,urban central air heat pump,3498808343.46982
capital,Link,FR0 0,urban central aquifer thermal energy storage charger,1633102422.43817
capital,Link,FR0 0,urban central aquifer thermal energy storage discharger,5841038054.00479
capital,Link,NL0 0,BEV charger,0.0
capital,Link,NL0 0,H2 Electrolysis,0.0
capital,Link,NL0 0,battery charger,61301939.10644
capital,Link,NL0 0,battery discharger,0.0
capital,Link,NL0 0,residential rural air heat pump,604231.21428
capital,Link,NL0 0,residential rural ground heat pump,194819259.72205
capital,Link,NL0 0,residential urban decentral air heat pump,979893370.29606
capital,Link,NL0 0,services rural air heat pump,374296.89256
capital,Link,NL0 0,services rural ground heat pump,107648332.92905
capital,Link,NL0 0,services urban decentral air heat pump,541715564.71054
capital,Link,NL0 0,urban central air heat pump,1171145612.31588
capital,Link,NL0 0,urban central aquifer thermal energy storage charger,314937753.16826
capital,Link,NL0 0,urban central aquifer thermal energy storage discharger,2353844185.37547
capital,StorageUnit,BE0 0,PHS,238969944.84614
capital,StorageUnit,BE0 0,hydro,2326790.57208
capital,StorageUnit,CH0 0,PHS,933142921.86461
capital,StorageUnit,CH0 0,hydro,1974036076.42945
capital,StorageUnit,DE0 0,PHS,1364640062.4287
capital,StorageUnit,FR0 0,PHS,956665383.94331
capital,StorageUnit,FR0 0,hydro,1615115114.47096
capital,Store,BE0 0,H2 Store,0.00031
capital,Store,BE0 0,battery,1636830046.23279
capital,Store,BE0 0,urban central aquifer thermal energy storage,0.0
capital,Store,CH0 0,H2 Store,0.00031
capital,Store,CH0 0,battery,0.00047
capital,Store,CH0 0,urban central aquifer thermal energy storage,0.0
capital,Store,DE0 0,battery,5794378121.55624
capital,Store,DE0 0,urban central aquifer thermal energy storage,0.0
capital,Store,EU,co2,0.0
capital,Store,EU,co2 sequestered,0.00023
capital,Store,EU,co2 stored,0.00046
capital,Store,FR0 0,battery,0.00098
capital,Store,FR0 0,urban central aquifer thermal energy storage,0.0
capital,Store,NL0 0,battery,3996872362.45502
capital,Store,NL0 0,urban central aquifer thermal energy storage,0.0
marginal,Generator,BE0 0,load,1e-05
marginal,Generator,BE0 0,nuclear,297752493.29204
marginal,Generator,BE0 0,offwind-ac,49553.14963
marginal,Generator,BE0 0,offwind-dc,72290.69295
marginal,Generator,BE0 0,offwind-float,116347.01607
marginal,Generator,BE0 0,onwind,639117.46527
marginal,Generator,BE0 0,ror,3163.11333
marginal,Generator,BE0 0,solar,1813485.7425
marginal,Generator,BE0 0,solar-hsat,0.0
marginal,Generator,CH0 0,load,1e-05
marginal,Generator,CH0 0,nuclear,136711474.34133
marginal,Generator,CH0 0,onwind,0.0
marginal,Generator,CH0 0,ror,93936.94265
marginal,Generator,CH0 0,solar,802408.88281
marginal,Generator,CH0 0,solar-hsat,0.0
marginal,Generator,DE0 0,load,0.0
marginal,Generator,DE0 0,nuclear,1898184031.58952
marginal,Generator,DE0 0,offwind-ac,221164.6099
marginal,Generator,DE0 0,offwind-dc,1398283.74228
marginal,Generator,DE0 0,offwind-float,1650952.16261
marginal,Generator,DE0 0,onwind,667147.33876
marginal,Generator,DE0 0,ror,211982.82317
marginal,Generator,DE0 0,solar,12411212.20851
marginal,Generator,DE0 0,solar-hsat,0.0
marginal,Generator,EU,load,0.00076
marginal,Generator,FR0 0,load,5e-05
marginal,Generator,FR0 0,nuclear,1548649158.33523
marginal,Generator,FR0 0,offwind-ac,2e-05
marginal,Generator,FR0 0,offwind-dc,4197176.19082
marginal,Generator,FR0 0,offwind-float,0.0
marginal,Generator,FR0 0,onwind,2689625.95717
marginal,Generator,FR0 0,ror,300627.56964
marginal,Generator,FR0 0,solar,4554532.43193
marginal,Generator,FR0 0,solar-hsat,0.0
marginal,Generator,NL0 0,load,-1e-05
marginal,Generator,NL0 0,nuclear,218327.74891
marginal,Generator,NL0 0,offwind-ac,33982.98788
marginal,Generator,NL0 0,offwind-dc,295470.9134
marginal,Generator,NL0 0,offwind-float,0.0
marginal,Generator,NL0 0,onwind,1636752.67979
marginal,Generator,NL0 0,solar,2279794.93712
marginal,Generator,NL0 0,solar-hsat,0.0
marginal,Link,BE0 0,BEV charger,354440.33657
marginal,Link,BE0 0,H2 Electrolysis,0.0
marginal,Link,BE0 0,battery charger,17728.27053
marginal,Link,BE0 0,battery discharger,18094.6845
marginal,Link,BE0 0,residential rural air heat pump,-31.0618
marginal,Link,BE0 0,residential rural ground heat pump,-29250.3821
marginal,Link,BE0 0,residential urban decentral air heat pump,-259197.67864
marginal,Link,BE0 0,services rural air heat pump,-14.47642
marginal,Link,BE0 0,services rural ground heat pump,-13943.82596
marginal,Link,BE0 0,services urban decentral air heat pump,-104668.05501
marginal,Link,BE0 0,urban central air heat pump,-655296.66855
marginal,Link,BE0 0,urban central aquifer thermal energy storage charger,948378.61136
marginal,Link,BE0 0,urban central aquifer thermal energy storage discharger,151534.56862
marginal,Link,CH0 0,BEV charger,162758.1894
marginal,Link,CH0 0,H2 Electrolysis,0.0
marginal,Link,CH0 0,battery charger,0.0
marginal,Link,CH0 0,battery discharger,0.0
marginal,Link,CH0 0,residential rural air heat pump,-5016.13925
marginal,Link,CH0 0,residential rural ground heat pump,-95103.36014
marginal,Link,CH0 0,residential urban decentral air heat pump,-160785.84926
marginal,Link,CH0 0,services rural air heat pump,-877.20389
marginal,Link,CH0 0,services rural ground heat pump,-39007.5436
marginal,Link,CH0 0,services urban decentral air heat pump,-62255.02962
marginal,Link,CH0 0,urban central air heat pump,-404504.67901
marginal,Link,CH0 0,urban central aquifer thermal energy storage charger,152421.91047
marginal,Link,CH0 0,urban central aquifer thermal energy storage discharger,28313.55845
marginal,Link,DE0 0,BEV charger,1911245.76099
marginal,Link,DE0 0,H2 Electrolysis,0.0
marginal,Link,DE0 0,battery charger,71747.95164
marginal,Link,DE0 0,battery discharger,73668.61639
marginal,Link,DE0 0,residential rural air heat pump,-1196.85599
marginal,Link,DE0 0,residential rural ground heat pump,-1023630.47081
marginal,Link,DE0 0,residential urban decentral air heat pump,-1456113.05136
marginal,Link,DE0 0,services rural air heat pump,-117.47471
marginal,Link,DE0 0,services rural ground heat pump,-426440.43572
marginal,Link,DE0 0,services urban decentral air heat pump,-543247.88394
marginal,Link,DE0 0,urban central air heat pump,-4282368.07673
marginal,Link,DE0 0,urban central aquifer thermal energy storage charger,4899454.50832
marginal,Link,DE0 0,urban central aquifer thermal energy storage discharger,805240.60253
marginal,Link,EU,co2 sequestered,0.0
marginal,Link,FR0 0,BEV charger,1391376.19577
marginal,Link,FR0 0,H2 Electrolysis,0.0
marginal,Link,FR0 0,battery charger,0.0
marginal,Link,FR0 0,battery discharger,0.0
marginal,Link,FR0 0,residential rural air heat pump,-992.22052
marginal,Link,FR0 0,residential rural ground heat pump,-749630.26369
marginal,Link,FR0 0,residential urban decentral air heat pump,-1252279.0156
marginal,Link,FR0 0,services rural air heat pump,-343.1111
marginal,Link,FR0 0,services rural ground heat pump,-259624.18713
marginal,Link,FR0 0,services urban decentral air heat pump,-464685.11406
marginal,Link,FR0 0,urban central air heat pump,-2904547.17758
marginal,Link,FR0 0,urban central aquifer thermal energy storage charger,4198944.86272
marginal,Link,FR0 0,urban central aquifer thermal energy storage discharger,765428.10628
marginal,Link,NL0 0,BEV charger,386282.62561
marginal,Link,NL0 0,H2 Electrolysis,0.0
marginal,Link,NL0 0,battery charger,27229.77876
marginal,Link,NL0 0,battery discharger,29182.23645
marginal,Link,NL0 0,residential rural air heat pump,-66.31765
marginal,Link,NL0 0,residential rural ground heat pump,-49224.46525
marginal,Link,NL0 0,residential urban decentral air heat pump,-306786.14342
marginal,Link,NL0 0,services rural air heat pump,-5.22297
marginal,Link,NL0 0,services rural ground heat pump,-26681.35577
marginal,Link,NL0 0,services urban decentral air heat pump,-178779.61876
marginal,Link,NL0 0,urban central air heat pump,-820659.71305
marginal,Link,NL0 0,urban central aquifer thermal energy storage charger,925503.03714
marginal,Link,NL0 0,urban central aquifer thermal energy storage discharger,166067.53789
marginal,StorageUnit,BE0 0,PHS,370.78149
marginal,StorageUnit,BE0 0,hydro,604.4769
marginal,StorageUnit,CH0 0,PHS,3023.1923
marginal,StorageUnit,CH0 0,hydro,237063.77157
marginal,StorageUnit,DE0 0,PHS,2649.35919
marginal,StorageUnit,FR0 0,PHS,6506.07155
marginal,StorageUnit,FR0 0,hydro,382295.31109
marginal,Store,BE0 0,H2 Store,-0.0
marginal,Store,BE0 0,battery,0.0
marginal,Store,BE0 0,urban central aquifer thermal energy storage,-44407.90275
marginal,Store,CH0 0,H2 Store,-0.0
marginal,Store,CH0 0,battery,0.0
marginal,Store,CH0 0,urban central aquifer thermal energy storage,-7705.49004
marginal,Store,DE0 0,battery,0.0
marginal,Store,DE0 0,urban central aquifer thermal energy storage,-245636.26273
marginal,Store,EU,co2,0.0
marginal,Store,EU,co2 sequestered,0.0
marginal,Store,EU,co2 stored,-0.0
marginal,Store,FR0 0,battery,0.0
marginal,Store,FR0 0,urban central aquifer thermal energy storage,-176571.72903
marginal,Store,NL0 0,battery,-0.0
marginal,Store,NL0 0,urban central aquifer thermal energy storage,-43643.51153
